slug,kind,wordCount,file
title-expert-witness-tennessee,service,330,src/lib/content/bofu/expert-witness-children.ts
real-estate-broker-standard-of-care-expert-witness-tennessee,service,404,src/lib/content/bofu/expert-witness-children.ts
real-estate-contract-expert-witness-tennessee,service,254,src/lib/content/bofu/expert-witness-children.ts
property-valuation-expert-witness-tennessee,service,344,src/lib/content/bofu/expert-witness-children.ts
trec-complaint-expert-witness-tennessee,service,246,src/lib/content/bofu/expert-witness-children.ts
landlord-tenant-expert-witness-tennessee,service,218,src/lib/content/bofu/expert-witness-children.ts
property-management-expert-witness-tennessee,service,221,src/lib/content/bofu/expert-witness-children.ts
real-estate-disclosure-expert-witness-tennessee,service,275,src/lib/content/bofu/expert-witness-children.ts
real-estate-commission-dispute-expert-witness-tennessee,service,202,src/lib/content/bofu/expert-witness-children.ts
llc-formation-attorney-tennessee,service,280,src/lib/content/bofu/business-formation-children.ts
operating-agreement-attorney-tennessee,service,252,src/lib/content/bofu/business-formation-children.ts
pllc-formation-attorney-tennessee,service,209,src/lib/content/bofu/business-formation-children.ts
s-corp-election-attorney-tennessee,service,244,src/lib/content/bofu/business-formation-children.ts
series-llc-attorney-tennessee,service,225,src/lib/content/bofu/business-formation-children.ts
buy-sell-agreement-attorney-tennessee,service,222,src/lib/content/bofu/business-formation-children.ts
corporation-formation-attorney-tennessee,service,235,src/lib/content/bofu/business-formation-children.ts
foreign-llc-qualification-attorney-tennessee,service,221,src/lib/content/bofu/business-formation-children.ts
llc-dissolution-attorney-tennessee,service,237,src/lib/content/bofu/business-formation-children.ts
partnership-agreement-attorney-tennessee,service,223,src/lib/content/bofu/business-formation-children.ts
holding-company-formation-attorney-tennessee,service,209,src/lib/content/bofu/business-formation-children.ts
nonprofit-formation-attorney-tennessee,service,223,src/lib/content/bofu/business-formation-children.ts
contract-review-attorney-tennessee,service,212,src/lib/content/bofu/contract-services-children.ts
independent-contractor-agreement-attorney-tennessee,service,207,src/lib/content/bofu/contract-services-children.ts
vendor-agreement-attorney-tennessee,service,199,src/lib/content/bofu/contract-services-children.ts
real-estate-contract-attorney-tennessee,service,208,src/lib/content/bofu/contract-services-children.ts
construction-contract-attorney-tennessee,service,201,src/lib/content/bofu/contract-services-children.ts
commercial-lease-attorney-tennessee,service,221,src/lib/content/bofu/contract-services-children.ts
nda-attorney-tennessee,service,211,src/lib/content/bofu/contract-services-children.ts
master-service-agreement-attorney-tennessee,service,196,src/lib/content/bofu/contract-services-children.ts
asset-purchase-agreement-attorney-tennessee,service,231,src/lib/content/bofu/contract-services-children.ts
letter-of-intent-attorney-tennessee,service,213,src/lib/content/bofu/contract-services-children.ts
real-estate-purchase-agreement-attorney-tennessee,service,239,src/lib/content/bofu/real-estate-transactions-children.ts
owner-financing-attorney-tennessee,service,377,src/lib/content/bofu/real-estate-transactions-children.ts
land-contract-attorney-tennessee,service,245,src/lib/content/bofu/real-estate-transactions-children.ts
real-estate-joint-venture-attorney-tennessee,service,222,src/lib/content/bofu/real-estate-transactions-children.ts
assignment-of-contract-attorney-tennessee,service,293,src/lib/content/bofu/real-estate-transactions-children.ts
quiet-title-attorney-tennessee,service,231,src/lib/content/bofu/real-estate-disputes-children.ts
easement-attorney-tennessee,service,204,src/lib/content/bofu/real-estate-disputes-children.ts
title-defect-attorney-tennessee,service,199,src/lib/content/bofu/real-estate-disputes-children.ts
real-estate-fraud-attorney-tennessee,service,201,src/lib/content/bofu/real-estate-disputes-children.ts
mechanics-lien-attorney-tennessee,service,264,src/lib/content/bofu/real-estate-disputes-children.ts
property-line-dispute-attorney-tennessee,service,176,src/lib/content/bofu/real-estate-disputes-children.ts
real-estate-attorney-gallatin-tn,service,196,src/lib/content/bofu/real-estate-disputes-children.ts
specific-performance-attorney-tennessee,service,208,src/lib/content/bofu/real-estate-disputes-children.ts
earnest-money-dispute-attorney-tennessee,service,199,src/lib/content/bofu/real-estate-disputes-children.ts
failure-to-disclose-attorney-tennessee,service,308,src/lib/content/bofu/real-estate-disputes-children.ts
construction-defect-attorney-tennessee,service,241,src/lib/content/bofu/real-estate-disputes-children.ts
hoa-dispute-attorney-tennessee,service,185,src/lib/content/bofu/real-estate-disputes-children.ts
foreclosure-excess-proceeds-attorney-tennessee,service,319,src/lib/content/bofu/real-estate-disputes-children.ts
landlord-attorney-tennessee,service,183,src/lib/content/bofu/real-estate-disputes-children.ts
tenant-attorney-tennessee,service,257,src/lib/content/bofu/real-estate-disputes-children.ts
eviction-attorney-tennessee,service,220,src/lib/content/bofu/real-estate-disputes-children.ts
eviction-defense-attorney-tennessee,service,198,src/lib/content/bofu/real-estate-disputes-children.ts
mold-claim-attorney-tennessee,service,256,src/lib/content/bofu/real-estate-disputes-children.ts
eviction-attorney-sumner-county-tn,service,216,src/lib/content/bofu/real-estate-disputes-children.ts
business-partnership-dispute-attorney-tennessee,service,196,src/lib/content/bofu/business-disputes-children.ts
non-compete-attorney-tennessee,service,203,src/lib/content/bofu/business-disputes-children.ts
llc-member-buyout-attorney-tennessee,service,215,src/lib/content/bofu/business-disputes-children.ts
shareholder-dispute-attorney-tennessee,service,179,src/lib/content/bofu/business-disputes-children.ts
breach-of-fiduciary-duty-attorney-tennessee,service,225,src/lib/content/bofu/business-disputes-children.ts
tortious-interference-attorney-tennessee,service,200,src/lib/content/bofu/business-disputes-children.ts
expert-witness,hub,151,src/lib/content/bofu-services.ts
business-formation,hub,121,src/lib/content/bofu-services.ts
contract-services,hub,130,src/lib/content/bofu-services.ts
real-estate-transactions,hub,130,src/lib/content/bofu-services.ts
real-estate-disputes,hub,89,src/lib/content/bofu-services.ts
business-disputes,hub,130,src/lib/content/bofu-services.ts